"X0","X1"
"v31_v113_cnt2","v37"
"v47_v110_cnt2","v80"
"v3_v72_targetMean2way","v86"
"v3_km7_targetMean2way","v12_v34_int2"
"v10_v22_targetMean2way","v10_v71_cnt2"
"v10_v91_targetMean2way","v31_v74_cnt2"
"v24_v79_targetMean2way","v31_v79_cnt2"
"v56_v71_targetMean2way","v38_v75_cnt2"
"v110_v112_targetMean2way","v56_v71_cnt2"
"v3_v30_v110_cnt3","v56_v74_cnt2"
"v3_v74_v113_cnt3","v75_v112_targetMean2way"
"v22_v56_v75_cnt3","v3_v10_v129_cnt3"
"v24_v72_v113_cnt3","v3_v24_v91_cnt3"
"v30_v74_v113_cnt3","v3_v24_v112_cnt3"
"v75_v113_v125_cnt3","v3_v30_v62_cnt3"
"v22_v3_v38_targetMean3way","v3_v66_v129_cnt3"
"v3_v30_v47_targetMean3way","v3_v72_v74_cnt3"
"v3_v38_v91_targetMean3way","v3_v75_v125_cnt3"
"v3_v47_v66_targetMean3way","v3_v110_v112_cnt3"
"v125_v3_v47_targetMean3way","v3_v112_v129_cnt3"
"v3_v62_v75_targetMean3way","v10_v24_v91_cnt3"
"v10_v110_v22_targetMean3way","v10_v38_v74_cnt3"
"v10_v24_v72_targetMean3way","v10_v47_v72_cnt3"
"v10_v38_v79_targetMean3way","v10_v47_v129_cnt3"
"v10_v52_v72_targetMean3way","v10_v56_v72_cnt3"
"v10_v113_v52_targetMean3way","v10_v74_v112_cnt3"
"v24_v38_v91_targetMean3way","v10_v75_v129_cnt3"
"v113_v24_v38_targetMean3way","v10_v79_v91_cnt3"
"v30_v66_v79_targetMean3way","v22_v24_v125_cnt3"
"v112_v38_v52_targetMean3way","v22_v52_v72_cnt3"
"v23","v14"
"v37","rowMax"
"v10_v71_cnt2","v22_v52_cnt2"
"v38_v75_cnt2","v47_v110_cnt2"
"v56_v71_cnt2","v75_v113_cnt2"
"v56_v74_cnt2","v3_v72_targetMean2way"
"v112_km7_targetMean2way","v3_km7_targetMean2way"
"v3_v10_v129_cnt3","v24_v112_targetMean2way"
"v3_v30_v62_cnt3","v30_v129_targetMean2way"
"v3_v66_v129_cnt3","v31_v71_targetMean2way"
"v3_v110_v112_cnt3","v31_v91_targetMean2way"
"v22_v24_v75_cnt3","v38_v47_targetMean2way"
"v24_v66_v74_cnt3","v38_v71_targetMean2way"
"v38_v74_v79_cnt3","v52_v72_targetMean2way"
"v47_v72_v125_cnt3","v56_v71_targetMean2way"
"v52_v62_v112_cnt3","v66_v110_targetMean2way"
"v52_v79_v129_cnt3","v66_v129_targetMean2way"
"v52_v91_v112_cnt3","v71_km7_targetMean2way"
"v56_v112_v125_cnt3","v74_v79_targetMean2way"
"v62_v91_v112_cnt3","v74_v91_targetMean2way"
"v62_v125_v129_cnt3","v75_v113_targetMean2way"
"v113_v21_v22_targetMean3way","v91_v110_targetMean2way"
"v114_v14_v66_v22_targetMean4way","v110_v112_targetMean2way"
"v1","v3_v24_v47_cnt3"
"v6","v3_v30_v110_cnt3"
"v8","v3_v47_v113_cnt3"
"v9","v3_v62_v113_cnt3"
"v18","v3_v74_v113_cnt3"
"v28","v3_v110_v113_cnt3"
"v33","v22_v56_v75_cnt3"
